Customer_ID,Total_Sales,Quantity,Age,Segment,Customer_Segment
CUST1004,8321.54,2,64.0,1,Low Value
CUST1017,264230.68,7,42.0,0,High Value
CUST1026,164965.29,7,65.0,1,Low Value
CUST1032,146990.9,7,22.0,2,Medium Value
CUST1038,37068.4,5,32.0,2,Medium Value
CUST1049,16714.64,1,55.0,1,Low Value
CUST1088,203819.75,5,40.0,2,Medium Value
CUST1090,5263.79,7,45.0,1,Low Value
CUST1094,211945.9,10,31.0,0,High Value
CUST1104,90746.36,4,64.0,1,Low Value
CUST1106,51838.36,2,31.0,2,Medium Value
CUST1113,181063.26,6,33.0,2,Medium Value
CUST1122,122431.8,4,65.0,1,Low Value
CUST1124,362370.56,8,18.0,0,High Value
CUST1149,340749.52,8,40.0,0,High Value
CUST1159,82567.7,5,30.0,2,Medium Value
CUST1170,103361.36,4,37.0,2,Medium Value
CUST1175,113673.3,5,20.0,2,Medium Value
CUST1183,49324.8,7,20.0,2,Medium Value
CUST1189,36307.74,2,39.0,2,Medium Value
CUST1197,5944.12,4,36.0,2,Medium Value
CUST1215,10367.0,7,35.0,2,Medium Value
CUST1231,187087.76,4,53.0,1,Low Value
CUST1246,2094.36,6,59.0,1,Low Value
CUST1252,112029.57,3,24.0,2,Medium Value
CUST1253,87892.59,3,32.0,2,Medium Value
CUST1256,242289.7,5,34.0,2,Medium Value
CUST1258,47389.09,7,40.0,2,Medium Value
CUST1269,80421.12,3,22.0,2,Medium Value
CUST1284,105461.08,4,31.0,2,Medium Value
CUST1312,144194.72,8,30.0,2,Medium Value
CUST1316,16249.69,1,37.0,2,Medium Value
CUST1334,34200.58,2,31.0,2,Medium Value
CUST1339,203324.1,6,54.0,1,Low Value
CUST1357,195601.44,8,48.0,0,High Value
CUST1367,43529.29,7,21.0,2,Medium Value
CUST1396,21572.48,1,34.0,2,Medium Value
CUST1399,74022.24,4,60.0,1,Low Value
CUST1401,254734.06,7,35.0,0,High Value
CUST1406,315765.0,10,52.0,0,High Value
CUST1419,54878.34,6,28.0,2,Medium Value
CUST1433,108470.6,5,47.0,1,Low Value
CUST1436,19590.5,10,60.0,1,Low Value
CUST1442,27918.98,1,22.0,2,Medium Value
CUST1443,25336.7,1,37.0,2,Medium Value
CUST1452,266207.48,7,62.0,0,High Value
CUST1453,42816.6,6,51.0,1,Low Value
CUST1463,173654.34000000003,9,38.5,0,High Value
CUST1468,359775.2,8,49.0,0,High Value
CUST1479,317305.7,10,35.0,0,High Value
CUST1481,78764.8,10,40.0,0,High Value
CUST1516,199641.96,9,52.0,0,High Value
CUST1528,48389.92,2,46.0,1,Low Value
CUST1557,123371.82,6,39.0,2,Medium Value
CUST1565,80289.8,10,27.0,2,Medium Value
CUST1577,36943.51,1,37.0,2,Medium Value
CUST1603,136560.28,4,37.0,2,Medium Value
CUST1611,46050.0,3,49.0,1,Low Value
CUST1614,74620.36,4,52.0,1,Low Value
CUST1616,99704.97,3,44.0,1,Low Value
CUST1618,158916.6,10,,0,High Value
CUST1636,52698.94,7,63.0,1,Low Value
CUST1637,20669.3,10,59.0,1,Low Value
CUST1658,193777.92,6,52.0,1,Low Value
CUST1662,96526.71,7,31.0,2,Medium Value
CUST1673,175604.15,5,18.0,2,Medium Value
CUST1681,140328.85,5,60.0,1,Low Value
CUST1691,14209.86,2,55.0,1,Low Value
CUST1710,440456.6,10,46.0,0,High Value
CUST1711,490866.4,10,20.0,0,High Value
CUST1713,31739.18,1,27.0,2,Medium Value
CUST1743,161107.04,4,56.0,1,Low Value
CUST1753,3239.94,1,58.0,1,Low Value
CUST1758,299985.18,6,61.0,0,High Value
CUST1759,109150.3,5,64.0,1,Low Value
CUST1762,123899.8,4,27.0,2,Medium Value
CUST1764,51751.06,2,24.0,2,Medium Value
CUST1766,7119.05,5,27.0,2,Medium Value
CUST1779,166613.7,10,65.0,0,High Value
CUST1780,105473.12,8,64.0,1,Low Value
CUST1790,12225.22,1,43.0,1,Low Value
CUST1806,64332.45,9,58.0,1,Low Value
CUST1808,218701.12,8,56.0,0,High Value
CUST1822,121853.1,6,39.0,2,Medium Value
CUST1833,111006.18,3,63.0,1,Low Value
CUST1835,64865.3,2,61.0,1,Low Value
CUST1840,23787.6,2,43.0,1,Low Value
CUST1841,82193.5,2,45.0,1,Low Value
CUST1887,277415.76,6,21.0,2,Medium Value
CUST1890,129500.85,3,21.0,2,Medium Value
CUST1906,40714.7,2,36.0,2,Medium Value
CUST1928,340497.71,7,30.0,0,High Value
CUST1932,7741.12,4,35.0,2,Medium Value
CUST1936,130702.11,3,59.0,1,Low Value
CUST1940,163606.7,10,48.0,0,High Value
CUST1956,110614.05,9,22.0,2,Medium Value
CUST1960,285213.69,9,44.0,0,High Value
CUST1962,55802.3,10,23.0,2,Medium Value
CUST1987,58568.76,6,24.0,2,Medium Value
CUST1991,126402.03,9,41.0,0,High Value
CUST1994,238881.24,13,37.5,0,High Value
CUST1997,136106.62,12,34.5,0,High Value
CUST2003,47674.82,2,35.0,2,Medium Value
CUST2006,3310.72,2,50.0,1,Low Value
CUST2025,98774.4,2,37.0,2,Medium Value
CUST2027,121322.16,3,32.0,2,Medium Value
CUST2031,34616.52,4,45.0,1,Low Value
CUST2039,231048.23,7,31.0,0,High Value
CUST2051,109237.86,9,31.0,2,Medium Value
CUST2062,493677.5,10,58.0,0,High Value
CUST2079,323841.07,7,44.0,0,High Value
CUST2088,24428.2,2,65.0,1,Low Value
CUST2093,121791.05,5,38.0,2,Medium Value
CUST2094,113543.48,4,54.0,1,Low Value
CUST2126,21819.5,1,34.0,2,Medium Value
CUST2137,91115.3,5,40.0,2,Medium Value
CUST2138,137878.74,3,42.0,1,Low Value
CUST2152,96867.4,2,63.0,1,Low Value
CUST2157,86397.04,4,58.0,1,Low Value
CUST2181,22401.12,3,,1,Low Value
CUST2190,75639.4,5,38.0,2,Medium Value
CUST2202,80260.42,2,26.0,2,Medium Value
CUST2218,63231.28,2,57.0,1,Low Value
CUST2231,1144.78,2,51.0,1,Low Value
CUST2236,26010.12,4,64.0,1,Low Value
CUST2242,349767.9,10,53.0,0,High Value
CUST2256,115969.35,3,50.0,1,Low Value
CUST2260,11539.95,3,54.0,1,Low Value
CUST2286,36304.28,2,39.0,2,Medium Value
CUST2290,48677.96,4,56.0,1,Low Value
CUST2295,238983.9,6,57.0,1,Low Value
CUST2343,98080.92,6,28.0,2,Medium Value
CUST2345,224371.6,10,48.0,0,High Value
CUST2350,101171.88,4,46.0,1,Low Value
CUST2364,83149.52,8,34.0,2,Medium Value
CUST2369,64307.52,3,56.0,1,Low Value
CUST2378,19026.35,5,53.0,1,Low Value
CUST2384,30394.74,3,49.0,1,Low Value
CUST2394,299334.78,6,27.0,0,High Value
CUST2403,237978.32,8,22.0,0,High Value
CUST2411,184045.4,5,47.0,1,Low Value
CUST2418,93055.86,2,57.0,1,Low Value
CUST2423,113778.84,7,23.0,2,Medium Value
CUST2428,48123.87,3,52.0,1,Low Value
CUST2448,148803.66,9,59.0,1,Low Value
CUST2457,43633.34,2,51.0,1,Low Value
CUST2463,248328.55,5,25.0,2,Medium Value
CUST2480,20740.93,1,59.0,1,Low Value
CUST2482,354730.14,9,65.0,0,High Value
CUST2515,431192.86,22,37.333333333333336,0,High Value
CUST2520,141401.85,5,34.0,2,Medium Value
CUST2537,1005.21,1,30.0,2,Medium Value
CUST2542,431463.9,10,43.0,0,High Value
CUST2551,61673.9,5,19.0,2,Medium Value
CUST2562,437.34,3,65.0,1,Low Value
CUST2565,146098.6,5,52.0,1,Low Value
CUST2586,84954.25,5,64.0,1,Low Value
CUST2589,84392.92,4,49.0,1,Low Value
CUST2597,287434.35,9,22.0,0,High Value
CUST2599,134115.7,5,35.0,2,Medium Value
CUST2604,51372.25,5,40.0,2,Medium Value
CUST2632,67601.66,2,56.0,1,Low Value
CUST2644,175457.4,4,24.0,2,Medium Value
CUST2650,162226.4,10,56.0,0,High Value
CUST2661,252904.44,6,41.0,0,High Value
CUST2669,359291.92,8,46.0,0,High Value
CUST2671,23398.57,1,52.0,1,Low Value
CUST2672,191186.12,4,27.0,2,Medium Value
CUST2680,124790.55,3,65.0,1,Low Value
CUST2687,49496.16,6,64.0,1,Low Value
CUST2690,66608.34,2,26.0,2,Medium Value
CUST2697,83144.7,6,49.0,1,Low Value
CUST2705,124270.25,5,55.0,1,Low Value
CUST2708,189759.6,9,52.0,0,High Value
CUST2714,202444.83,9,58.0,0,High Value
CUST2742,107330.05,5,22.0,2,Medium Value
CUST2744,76084.8,6,28.0,2,Medium Value
CUST2757,64048.05,3,55.0,1,Low Value
CUST2777,174736.89,9,49.0,0,High Value
CUST2779,178648.82,7,44.0,0,High Value
CUST2791,246944.64,6,58.0,1,Low Value
CUST2793,115263.96,6,32.0,2,Medium Value
CUST2794,284872.06,11,35.0,0,High Value
CUST2796,147307.52,4,29.0,2,Medium Value
CUST2804,90508.14,3,32.0,2,Medium Value
CUST2812,767.61,1,55.0,1,Low Value
CUST2827,84805.75,5,35.0,2,Medium Value
CUST2832,162512.76,6,22.0,2,Medium Value
CUST2834,270821.34,9,,0,High Value
CUST2835,65413.26,9,,2,Medium Value
CUST2836,144754.88,4,46.0,1,Low Value
CUST2859,161565.2,4,21.0,2,Medium Value
CUST2862,74724.16,7,25.0,2,Medium Value
CUST2863,132772.22,7,34.0,2,Medium Value
CUST2867,257759.6,8,61.0,0,High Value
CUST2870,211801.52,14,29.0,0,High Value
CUST2871,147500.76,4,33.0,2,Medium Value
CUST2903,107774.59,7,31.0,2,Medium Value
CUST2904,412680.6,10,60.0,0,High Value
CUST2921,139876.08,4,27.0,2,Medium Value
CUST2935,30364.5,6,28.0,2,Medium Value
CUST2953,220868.4,8,,0,High Value
CUST2956,132611.45,5,39.0,2,Medium Value
CUST2967,36396.7,5,52.0,1,Low Value
CUST2969,237972.6,6,59.0,1,Low Value
CUST2997,34192.3,1,23.0,2,Medium Value
CUST3001,14067.77,4,44.0,1,Low Value
CUST3002,219937.28,8,61.0,0,High Value
CUST3004,3971.35,1,46.0,1,Low Value
CUST3006,351367.34,13,53.5,0,High Value
CUST3023,368979.6,8,43.0,0,High Value
CUST3024,242884.38,6,22.0,2,Medium Value
CUST3044,318554.4,10,65.0,0,High Value
CUST3054,63845.1,9,28.0,2,Medium Value
CUST3059,234450.42,6,36.0,0,High Value
CUST3075,8162.84,1,55.0,1,Low Value
CUST3078,76256.64,2,22.0,2,Medium Value
CUST3080,43789.89,1,41.0,1,Low Value
CUST3089,139534.08,7,35.0,2,Medium Value
CUST3094,343480.48,8,49.0,0,High Value
CUST3107,28766.56,8,21.0,2,Medium Value
CUST3127,139530.8,5,63.0,1,Low Value
CUST3129,376842.87,9,39.0,0,High Value
CUST3138,104971.05,5,30.0,2,Medium Value
CUST3169,138808.11,7,,2,Medium Value
CUST3186,156219.8,4,60.0,1,Low Value
CUST3189,69219.64,4,30.0,2,Medium Value
CUST3194,51591.1,2,34.0,2,Medium Value
CUST3210,122561.37,9,43.0,0,High Value
CUST3212,42764.32,2,33.0,2,Medium Value
CUST3228,283052.58,6,55.0,0,High Value
CUST3237,270087.16,7,48.0,0,High Value
CUST3260,110900.34,9,55.0,1,Low Value
CUST3264,42437.1,3,51.0,1,Low Value
CUST3265,97693.35,5,29.0,2,Medium Value
CUST3277,190335.12,6,46.0,1,Low Value
CUST3281,190106.9,10,64.0,0,High Value
CUST3285,392423.76,8,30.0,0,High Value
CUST3297,40350.67,1,47.0,1,Low Value
CUST3298,72667.0,5,63.0,1,Low Value
CUST3316,261998.08,8,41.0,0,High Value
CUST3321,62003.61,9,20.0,2,Medium Value
CUST3327,90435.84,2,19.0,2,Medium Value
CUST3330,162554.32,8,62.0,1,Low Value
CUST3341,186519.72,4,54.0,1,Low Value
CUST3345,58809.5,5,35.0,2,Medium Value
CUST3365,119390.88,7,23.0,2,Medium Value
CUST3366,360570.11,13,39.0,0,High Value
CUST3393,108717.45,3,24.0,2,Medium Value
CUST3397,26461.65,3,44.0,1,Low Value
CUST3417,252084.4,8,36.0,0,High Value
CUST3418,1229.02,1,33.0,2,Medium Value
CUST3430,215754.42,6,51.0,1,Low Value
CUST3438,148435.74,6,56.0,1,Low Value
CUST3440,33098.3,5,32.0,2,Medium Value
CUST3459,88586.31,3,19.0,2,Medium Value
CUST3464,172829.92,4,18.0,2,Medium Value
CUST3473,18903.96,3,56.0,1,Low Value
CUST3497,119906.32,4,57.0,1,Low Value
CUST3499,40383.06,2,20.0,2,Medium Value
CUST3508,192315.52000000002,9,45.5,0,High Value
CUST3522,30869.01,3,24.0,2,Medium Value
CUST3537,141646.92,4,24.0,2,Medium Value
CUST3542,47618.43,1,51.0,1,Low Value
CUST3564,444513.78,9,41.0,0,High Value
CUST3566,178545.48,6,45.0,1,Low Value
CUST3567,300593.16,7,21.0,0,High Value
CUST3576,321187.65,7,53.0,0,High Value
CUST3580,89124.8,5,56.0,1,Low Value
CUST3602,67401.84,4,54.0,1,Low Value
CUST3603,15061.67,1,56.0,1,Low Value
CUST3607,105764.6,5,64.0,1,Low Value
CUST3618,330723.9,10,28.0,0,High Value
CUST3623,338531.22,9,35.0,0,High Value
CUST3625,105841.56,4,55.0,1,Low Value
CUST3652,21496.95,1,59.0,1,Low Value
CUST3662,14919.85,5,34.0,2,Medium Value
CUST3668,280078.14,6,63.0,1,Low Value
CUST3677,17041.21,1,34.0,2,Medium Value
CUST3679,239465.0,5,48.0,1,Low Value
CUST3682,144829.17,3,56.0,1,Low Value
CUST3685,35489.21,1,23.0,2,Medium Value
CUST3688,213936.9,10,38.0,0,High Value
CUST3689,542484.08,16,39.0,0,High Value
CUST3690,102479.94,6,32.0,2,Medium Value
CUST3714,165724.79,7,37.0,2,Medium Value
CUST3723,16453.6,4,52.0,1,Low Value
CUST3730,538633.97,13,58.0,0,High Value
CUST3741,48583.48,2,57.0,1,Low Value
CUST3744,93190.71,3,20.0,2,Medium Value
CUST3745,217666.56,6,55.0,1,Low Value
CUST3747,23973.18,3,47.0,1,Low Value
CUST3751,69239.88,3,36.0,2,Medium Value
CUST3759,301283.73,9,65.0,0,High Value
CUST3760,41626.11,1,63.0,1,Low Value
CUST3763,294488.9,7,44.5,0,High Value
CUST3767,1981.7,7,49.0,1,Low Value
CUST3773,412403.57999999996,14,34.0,0,High Value
CUST3778,47848.0,1,39.0,2,Medium Value
CUST3794,103917.5,10,35.0,0,High Value
CUST3809,51282.42,6,44.0,1,Low Value
CUST3820,100104.3,9,48.0,1,Low Value
CUST3835,144095.7,3,45.0,1,Low Value
CUST3839,410547.2,10,61.0,0,High Value
CUST3843,37727.1,6,44.0,1,Low Value
CUST3850,122047.5,5,27.0,2,Medium Value
CUST3851,29862.4,2,59.0,1,Low Value
CUST3867,25348.95,5,,2,Medium Value
CUST3877,85323.78,6,18.0,2,Medium Value
CUST3887,169196.64,4,56.0,1,Low Value
CUST3891,150743.16,6,65.0,1,Low Value
CUST3911,81607.25,5,26.0,2,Medium Value
CUST3948,116728.5,6,38.0,2,Medium Value
CUST3952,323527.23,9,40.0,0,High Value
CUST3966,120078.24,4,47.0,1,Low Value
CUST3972,240883.83,9,20.0,0,High Value
CUST3987,330496.47,9,55.0,0,High Value
CUST4002,234114.2,5,18.0,2,Medium Value
CUST4003,468522.0,10,54.0,0,High Value
CUST4009,43713.28,2,18.0,2,Medium Value
CUST4034,85717.2,3,32.0,2,Medium Value
CUST4037,470798.6,10,30.0,0,High Value
CUST4041,173329.08,5,31.0,2,Medium Value
CUST4062,8906.18,1,56.0,1,Low Value
CUST4073,92444.73,3,25.0,2,Medium Value
CUST4077,109913.8,4,50.0,1,Low Value
CUST4089,112630.77,9,42.0,0,High Value
CUST4094,178309.16,4,51.0,1,Low Value
CUST4099,208572.3,10,55.0,0,High Value
CUST4103,63588.21,7,33.0,2,Medium Value
CUST4106,299498.92,7,33.0,0,High Value
CUST4109,221067.8,10,53.0,0,High Value
CUST4110,360621.09,9,59.0,0,High Value
CUST4112,51766.12,4,33.0,2,Medium Value
CUST4132,7894.56,4,,1,Low Value
CUST4137,333360.55,11,41.0,0,High Value
CUST4150,359892.18,9,31.0,0,High Value
CUST4167,249899.04,9,41.0,0,High Value
CUST4169,25982.0,4,41.0,2,Medium Value
CUST4215,110511.99,9,28.0,2,Medium Value
CUST4229,136626.6,10,51.0,0,High Value
CUST4264,278427.28,8,26.0,0,High Value
CUST4269,187463.04,8,65.0,1,Low Value
CUST4270,458774.9,10,30.0,0,High Value
CUST4284,30640.69,1,46.0,1,Low Value
CUST4317,144969.64,4,50.0,1,Low Value
CUST4337,55976.48,4,53.0,1,Low Value
CUST4363,401091.2,10,30.0,0,High Value
CUST4381,135764.76,6,39.0,2,Medium Value
CUST4391,197421.55,5,36.0,2,Medium Value
CUST4414,15617.29,1,53.0,1,Low Value
CUST4417,6280.83,9,52.0,1,Low Value
CUST4420,13705.83,3,38.0,2,Medium Value
CUST4431,30519.5,10,19.0,2,Medium Value
CUST4438,29540.26,2,56.0,1,Low Value
CUST4457,110260.04,4,31.0,2,Medium Value
CUST4482,421025.22,9,53.0,0,High Value
CUST4483,370228.72,8,63.0,0,High Value
CUST4488,47539.35,3,39.0,2,Medium Value
CUST4496,333687.41,7,18.0,0,High Value
CUST4515,78848.08,2,48.0,1,Low Value
CUST4527,210037.8,6,54.0,1,Low Value
CUST4532,210571.1,5,52.0,1,Low Value
CUST4537,167620.15,5,63.0,1,Low Value
CUST4553,165937.8,5,44.0,1,Low Value
CUST4559,52501.23,3,57.0,1,Low Value
CUST4565,23886.69,1,65.0,1,Low Value
CUST4569,419975.28,9,38.0,0,High Value
CUST4584,462701.3,10,18.0,0,High Value
CUST4598,66336.0,10,33.0,2,Medium Value
CUST4601,5053.68,1,55.0,1,Low Value
CUST4602,6430.22,2,26.0,2,Medium Value
CUST4625,306956.37,7,25.0,0,High Value
CUST4629,75833.37,3,40.0,2,Medium Value
CUST4646,190160.1,5,36.0,2,Medium Value
CUST4650,143752.47,3,32.0,2,Medium Value
CUST4651,99449.28,7,54.0,1,Low Value
CUST4655,239811.81,7,35.0,0,High Value
CUST4673,81396.85,5,42.0,1,Low Value
CUST4685,241032.51,9,35.0,0,High Value
CUST4686,290918.72,8,27.0,0,High Value
CUST4703,158544.6,4,58.0,1,Low Value
CUST4705,29838.32,1,43.0,1,Low Value
CUST4706,528036.44,11,47.0,0,High Value
CUST4722,217967.64,6,63.0,1,Low Value
CUST4730,203288.64,8,20.0,2,Medium Value
CUST4737,180858.3,5,22.0,2,Medium Value
CUST4742,74556.42,2,21.0,2,Medium Value
CUST4747,102099.33,3,44.0,1,Low Value
CUST4750,95299.22,2,42.0,1,Low Value
CUST4751,243462.6,6,20.0,2,Medium Value
CUST4756,19079.68,4,56.0,1,Low Value
CUST4758,66288.95,5,63.0,1,Low Value
CUST4777,21001.73,1,60.0,1,Low Value
CUST4796,140365.9,10,44.0,0,High Value
CUST4810,97167.28,4,18.0,2,Medium Value
CUST4824,226245.78,9,24.0,0,High Value
CUST4829,333996.4,8,19.0,0,High Value
CUST4845,2599.12,1,18.0,2,Medium Value
CUST4849,28812.06,1,28.0,2,Medium Value
CUST4869,485667.8,10,37.0,0,High Value
CUST4881,5629.1,2,32.0,2,Medium Value
CUST4888,40275.15,5,38.0,2,Medium Value
CUST4901,47545.23,1,29.0,2,Medium Value
CUST4926,13050.5,2,45.0,1,Low Value
CUST4934,318588.55,7,41.0,0,High Value
CUST4941,60395.06,2,50.0,1,Low Value
CUST4943,12420.48,2,34.0,2,Medium Value
CUST4947,37605.65,5,58.0,1,Low Value
CUST4958,25717.95,3,45.0,1,Low Value
CUST4966,8286.54,3,47.0,1,Low Value
CUST4973,42500.65,1,24.0,2,Medium Value
CUST4977,200969.45,5,33.0,2,Medium Value
CUST4979,51456.6,3,45.0,1,Low Value
CUST4982,439972.2,10,33.0,0,High Value
CUST4996,257757.48,12,62.5,0,High Value
CUST4997,45063.04,8,31.0,2,Medium Value
CUST5005,174940.92,9,20.0,2,Medium Value
CUST5010,124324.34,7,41.0,2,Medium Value
CUST5025,20875.52,1,28.0,2,Medium Value
CUST5036,299490.08,8,32.0,0,High Value
CUST5057,30227.94,3,52.0,1,Low Value
CUST5063,15831.03,1,33.0,2,Medium Value
CUST5079,267836.96,8,41.0,0,High Value
CUST5091,213995.1,10,47.0,0,High Value
CUST5097,185571.72,9,65.0,0,High Value
CUST5102,78808.86,3,,1,Low Value
CUST5113,199283.0,7,30.0,2,Medium Value
CUST5128,242216.48,8,47.0,0,High Value
CUST5129,219522.18,6,54.0,1,Low Value
CUST5133,19382.82,6,56.0,1,Low Value
CUST5136,16506.48,1,30.0,2,Medium Value
CUST5151,86394.66,6,55.0,1,Low Value
CUST5154,76131.68,2,20.0,2,Medium Value
CUST5155,172543.0,5,57.0,1,Low Value
CUST5160,1961.91,3,52.0,1,Low Value
CUST5168,54797.1,6,25.0,2,Medium Value
CUST5178,109792.04,4,23.0,2,Medium Value
CUST5188,439499.43,9,53.0,0,High Value
CUST5206,65107.76,4,52.0,1,Low Value
CUST5211,191167.55,5,53.0,1,Low Value
CUST5214,86438.08,4,63.0,1,Low Value
CUST5232,62434.24,2,54.0,1,Low Value
CUST5233,48906.12,6,26.0,2,Medium Value
CUST5240,92846.81,7,43.0,1,Low Value
CUST5244,207547.7,5,,2,Medium Value
CUST5249,116373.8,10,57.0,0,High Value
CUST5295,120358.95,3,58.0,1,Low Value
CUST5318,93084.36,3,61.0,1,Low Value
CUST5319,138242.6,5,35.0,2,Medium Value
CUST5338,140731.05,3,22.0,2,Medium Value
CUST5355,47542.0,5,23.0,2,Medium Value
CUST5363,265314.63,7,39.0,0,High Value
CUST5367,35099.34,6,25.0,2,Medium Value
CUST5373,25737.43,1,24.0,2,Medium Value
CUST5375,36587.92,2,60.0,1,Low Value
CUST5386,244476.54,9,47.0,0,High Value
CUST5389,58707.36,6,44.0,1,Low Value
CUST5406,47545.65,5,30.0,2,Medium Value
CUST5413,217109.48,7,62.0,1,Low Value
CUST5415,12121.61,1,29.0,2,Medium Value
CUST5418,177852.72,4,41.0,2,Medium Value
CUST5419,7179.39,9,65.0,1,Low Value
CUST5430,138761.82,3,48.0,1,Low Value
CUST5431,215478.9,10,60.0,0,High Value
CUST5432,15571.2,10,57.0,1,Low Value
CUST5433,100010.88,4,49.0,1,Low Value
CUST5454,308555.0,10,19.0,0,High Value
CUST5455,86715.66,2,26.0,2,Medium Value
CUST5468,299131.56,7,32.0,0,High Value
CUST5477,284448.64,7,37.0,0,High Value
CUST5505,210141.3,6,38.0,2,Medium Value
CUST5516,211333.38,6,21.0,2,Medium Value
CUST5523,277513.83,9,,0,High Value
CUST5524,128419.56,3,44.0,1,Low Value
CUST5529,19808.39,7,30.0,2,Medium Value
CUST5535,81639.9,6,28.0,2,Medium Value
CUST5569,105715.35,5,27.0,2,Medium Value
CUST5585,258727.23,9,35.0,0,High Value
CUST5600,143878.14,3,27.0,2,Medium Value
CUST5605,126051.16,4,30.0,2,Medium Value
CUST5607,13129.64,1,61.0,1,Low Value
CUST5615,7583.96,4,63.0,1,Low Value
CUST5621,134832.67,7,62.0,1,Low Value
CUST5624,319922.96,7,22.0,0,High Value
CUST5702,139084.8,10,48.0,0,High Value
CUST5718,80473.4,4,62.0,1,Low Value
CUST5726,79157.2,2,20.0,2,Medium Value
CUST5743,86401.08,6,28.0,2,Medium Value
CUST5762,31247.14,1,20.0,2,Medium Value
CUST5766,226028.39,7,27.0,2,Medium Value
CUST5778,72124.72,2,37.0,2,Medium Value
CUST5791,78010.54,2,62.0,1,Low Value
CUST5806,143666.99,11,52.5,0,High Value
CUST5829,39956.16,4,32.0,2,Medium Value
CUST5835,56623.16,2,20.0,2,Medium Value
CUST5851,83088.9,2,50.0,1,Low Value
CUST5869,285227.53,7,23.0,0,High Value
CUST5871,136832.9,5,39.0,2,Medium Value
CUST5876,222899.82,6,42.0,0,High Value
CUST5899,23158.0,4,31.0,2,Medium Value
CUST5903,13424.67,9,27.0,2,Medium Value
CUST5926,311180.64,8,54.0,0,High Value
CUST5932,74970.27,3,62.0,1,Low Value
CUST5933,65068.15,5,29.0,2,Medium Value
CUST5945,200976.86,7,40.0,0,High Value
CUST5988,88672.76,2,43.0,1,Low Value
CUST6002,214875.81,9,46.0,0,High Value
CUST6006,186072.9,5,38.0,2,Medium Value
CUST6028,82132.92,4,39.0,2,Medium Value
CUST6037,3586.58,2,28.0,2,Medium Value
CUST6067,209823.08000000002,12,40.5,0,High Value
CUST6082,548416.39,16,57.5,0,High Value
CUST6096,197341.68,6,51.0,1,Low Value
CUST6111,156256.16,13,27.0,0,High Value
CUST6116,86309.0,10,32.0,2,Medium Value
CUST6136,71273.3,10,22.0,2,Medium Value
CUST6142,128393.8,10,37.0,0,High Value
CUST6149,72673.95,5,32.0,2,Medium Value
CUST6152,118857.45,3,39.0,2,Medium Value
CUST6162,31849.44,1,42.0,1,Low Value
CUST6173,150268.72,7,22.0,2,Medium Value
CUST6180,157078.86,6,64.0,1,Low Value
CUST6206,302455.37,7,50.0,0,High Value
CUST6228,89287.2,4,41.0,2,Medium Value
CUST6236,17039.73,3,43.0,1,Low Value
CUST6238,259301.0,10,55.0,0,High Value
CUST6241,18127.66,2,55.0,1,Low Value
CUST6258,40225.63,1,52.0,1,Low Value
CUST6260,105954.6,3,37.0,2,Medium Value
CUST6279,256986.2,10,21.0,0,High Value
CUST6288,17212.99,1,55.0,1,Low Value
CUST6309,61486.2,2,55.0,1,Low Value
CUST6311,301320.63,9,65.0,0,High Value
CUST6314,155811.12,4,19.0,2,Medium Value
CUST6316,311126.04,9,,0,High Value
CUST6319,46629.03,1,32.0,2,Medium Value
CUST6336,26771.99,1,52.0,1,Low Value
CUST6340,21368.29,1,37.0,2,Medium Value
CUST6345,82147.94,4,32.0,2,Medium Value
CUST6348,92286.1,5,22.0,2,Medium Value
CUST6389,313519.95,9,27.0,0,High Value
CUST6394,57013.62,2,57.0,1,Low Value
CUST6407,315050.32,14,44.5,0,High Value
CUST6410,318649.86,9,61.0,0,High Value
CUST6413,96340.16,8,50.0,1,Low Value
CUST6414,62429.88,6,30.0,2,Medium Value
CUST6421,38696.65,5,22.0,2,Medium Value
CUST6432,46021.88,1,62.0,1,Low Value
CUST6436,4418.86,2,52.0,1,Low Value
CUST6442,429297.21,9,62.0,0,High Value
CUST6444,259787.34,9,23.0,0,High Value
CUST6467,318362.73,7,24.0,0,High Value
CUST6504,190162.88,8,34.0,0,High Value
CUST6511,54039.78,3,54.0,1,Low Value
CUST6518,177138.7,10,44.0,0,High Value
CUST6522,107317.63,7,61.0,1,Low Value
CUST6531,78327.66,6,57.0,1,Low Value
CUST6532,610981.74,15,36.5,0,High Value
CUST6538,26611.8,4,37.0,2,Medium Value
CUST6540,87368.96,8,19.0,2,Medium Value
CUST6564,142635.56,4,59.0,1,Low Value
CUST6565,168646.62,6,50.0,1,Low Value
CUST6571,75706.23,3,43.0,1,Low Value
CUST6578,19202.88,1,64.0,1,Low Value
CUST6584,296462.6,10,21.0,0,High Value
CUST6585,103625.84,4,21.0,2,Medium Value
CUST6589,70470.99,3,30.0,2,Medium Value
CUST6600,439266.33,9,58.0,0,High Value
CUST6618,230997.12,8,19.0,2,Medium Value
CUST6621,34477.47,3,19.0,2,Medium Value
CUST6625,121251.76,7,18.0,2,Medium Value
CUST6627,248966.58,6,57.0,1,Low Value
CUST6631,28924.68,4,58.0,1,Low Value
CUST6638,167313.48,6,45.0,1,Low Value
CUST6654,15439.6,4,38.0,2,Medium Value
CUST6655,3156.7,10,31.0,2,Medium Value
CUST6658,285180.93,9,60.0,0,High Value
CUST6678,28362.94,2,41.0,1,Low Value
CUST6684,193199.4,4,59.0,1,Low Value
CUST6697,75059.95,5,26.0,2,Medium Value
CUST6704,452333.24,11,31.5,0,High Value
CUST6706,45333.96,2,54.0,1,Low Value
CUST6707,328896.4,8,33.0,0,High Value
CUST6714,439469.6,10,,0,High Value
CUST6719,45270.45,3,30.0,2,Medium Value
CUST6727,111865.08,6,34.0,2,Medium Value
CUST6728,34757.71,1,64.0,1,Low Value
CUST6748,396906.8,10,40.0,0,High Value
CUST6752,59121.8,5,65.0,1,Low Value
CUST6762,10934.02,2,47.0,1,Low Value
CUST6773,132823.76,4,22.0,2,Medium Value
CUST6780,269519.53,7,42.0,0,High Value
CUST6783,189183.33,9,30.0,0,High Value
CUST6791,148740.85,5,22.0,2,Medium Value
CUST6806,246529.68,8,46.0,0,High Value
CUST6814,56546.37,9,62.0,1,Low Value
CUST6815,16650.75,3,43.0,1,Low Value
CUST6821,274083.6,8,24.0,0,High Value
CUST6828,127614.42,3,50.0,1,Low Value
CUST6845,769479.75,18,45.5,0,High Value
CUST6860,30210.72,1,30.0,2,Medium Value
CUST6862,95386.66,2,45.0,1,Low Value
CUST6870,70818.68,4,51.0,1,Low Value
CUST6881,297463.11,7,41.0,0,High Value
CUST6887,15733.65,5,21.0,2,Medium Value
CUST6921,11206.86,6,62.0,1,Low Value
CUST6927,86462.0,5,23.0,2,Medium Value
CUST6932,21090.24,8,31.0,2,Medium Value
CUST6933,125483.1,6,23.0,2,Medium Value
CUST6938,119662.88,4,43.0,1,Low Value
CUST6944,34742.76,4,33.0,2,Medium Value
CUST6969,167677.65,5,41.0,2,Medium Value
CUST6987,6976.56,1,31.0,2,Medium Value
CUST6995,325425.87,7,33.0,0,High Value
CUST6997,27593.6,4,28.0,2,Medium Value
CUST7016,184654.44,6,33.0,2,Medium Value
CUST7026,262752.56,13,32.0,0,High Value
CUST7031,195199.8,5,37.0,2,Medium Value
CUST7033,156203.52,4,33.0,2,Medium Value
CUST7037,405004.41,9,34.0,0,High Value
CUST7042,70227.96,2,60.0,1,Low Value
CUST7059,13776.48,8,51.0,1,Low Value
CUST7062,180509.76,8,52.0,0,High Value
CUST7065,241144.8,5,24.0,2,Medium Value
CUST7068,292060.48,8,24.0,0,High Value
CUST7072,210619.12,8,62.0,0,High Value
CUST7082,100658.0,4,21.0,2,Medium Value
CUST7091,237573.1,10,48.0,0,High Value
CUST7093,237005.1,5,23.0,2,Medium Value
CUST7104,245061.25,5,34.0,2,Medium Value
CUST7110,3953.8,4,60.0,1,Low Value
CUST7117,39406.86,6,53.0,1,Low Value
CUST7152,106181.76,6,22.0,2,Medium Value
CUST7164,282545.1,10,64.0,0,High Value
CUST7173,47212.5,5,21.0,2,Medium Value
CUST7176,54990.9,9,33.0,2,Medium Value
CUST7177,75415.95,3,21.0,2,Medium Value
CUST7178,16185.56,2,64.0,1,Low Value
CUST7185,98255.31,3,61.0,1,Low Value
CUST7186,10625.65,1,36.0,2,Medium Value
CUST7187,16633.85,1,38.0,2,Medium Value
CUST7188,88709.25,3,49.5,1,Low Value
CUST7196,267104.88,8,40.0,0,High Value
CUST7219,229527.7,10,30.0,0,High Value
CUST7221,15069.36,2,39.0,2,Medium Value
CUST7226,3859.08,3,51.0,1,Low Value
CUST7228,117472.56,3,21.0,2,Medium Value
CUST7236,130323.36,6,38.0,2,Medium Value
CUST7238,280228.24,8,54.0,0,High Value
CUST7249,19176.32,4,29.0,2,Medium Value
CUST7263,10851.3,10,55.0,1,Low Value
CUST7277,291741.38,7,62.0,0,High Value
CUST7283,98418.06,6,34.0,2,Medium Value
CUST7285,9639.44,8,18.0,2,Medium Value
CUST7309,256457.76,6,52.0,0,High Value
CUST7315,53794.02,3,45.0,1,Low Value
CUST7317,138811.2,10,39.5,0,High Value
CUST7341,166562.96,4,49.0,1,Low Value
CUST7361,142398.54,3,20.0,2,Medium Value
CUST7371,39342.98,1,38.0,2,Medium Value
CUST7374,511309.4,15,41.5,0,High Value
CUST7388,267400.44,6,48.0,0,High Value
CUST7405,159668.96,4,57.0,1,Low Value
CUST7413,82021.25,5,54.0,1,Low Value
CUST7416,482551.9,10,54.0,0,High Value
CUST7445,321222.51,9,60.0,0,High Value
CUST7462,2768.1,5,,2,Medium Value
CUST7465,234167.84,8,58.0,0,High Value
CUST7473,200523.55,5,36.0,2,Medium Value
CUST7476,118002.51,9,21.0,2,Medium Value
CUST7484,223452.45,9,36.0,0,High Value
CUST7491,107697.64,4,46.0,1,Low Value
CUST7494,107028.9,10,30.0,2,Medium Value
CUST7501,51679.6,8,40.0,2,Medium Value
CUST7504,106265.28,4,52.0,1,Low Value
CUST7522,2070.65,5,53.0,1,Low Value
CUST7544,350933.9,10,26.0,0,High Value
CUST7564,176483.04,8,20.0,2,Medium Value
CUST7568,72887.06,10,51.0,1,Low Value
CUST7574,38214.2,5,43.0,1,Low Value
CUST7578,60346.48,8,38.0,2,Medium Value
CUST7587,408776.58,9,27.0,0,High Value
CUST7588,27898.64,4,47.0,1,Low Value
CUST7600,42736.43,1,23.0,2,Medium Value
CUST7609,154958.15,5,41.0,2,Medium Value
CUST7613,394778.24,8,22.0,0,High Value
CUST7615,163012.74,6,37.0,2,Medium Value
CUST7618,92273.25,5,25.0,2,Medium Value
CUST7621,44751.42,1,61.0,1,Low Value
CUST7625,17409.33,3,50.0,1,Low Value
CUST7628,160299.54,6,56.0,1,Low Value
CUST7631,107745.36,4,62.0,1,Low Value
CUST7650,347736.0,8,50.0,0,High Value
CUST7654,67132.4,2,42.0,1,Low Value
CUST7659,49067.82,1,20.0,2,Medium Value
CUST7664,216126.48,6,43.0,0,High Value
CUST7676,405225.6,10,39.0,0,High Value
CUST7718,374935.6,8,26.0,0,High Value
CUST7724,100442.24,4,38.0,2,Medium Value
CUST7757,219795.57,9,58.0,0,High Value
CUST7787,286879.52,8,40.0,0,High Value
CUST7801,43373.54,7,41.0,2,Medium Value
CUST7806,81537.0,2,64.0,1,Low Value
CUST7814,331893.24,7,20.0,0,High Value
CUST7824,185204.61,5,25.5,2,Medium Value
CUST7844,134060.64,6,53.0,1,Low Value
CUST7863,202154.0,8,37.0,0,High Value
CUST7876,402956.64,9,57.0,0,High Value
CUST7903,101295.36,6,60.0,1,Low Value
CUST7911,142731.2,8,59.0,1,Low Value
CUST7933,91236.0,10,50.0,0,High Value
CUST7937,223776.99,9,43.0,0,High Value
CUST7944,171571.86,6,,2,Medium Value
CUST7981,1495.14,2,46.0,1,Low Value
CUST7988,3992.85,1,39.0,2,Medium Value
CUST8000,150898.88,8,51.0,1,Low Value
CUST8010,141200.44,4,41.0,2,Medium Value
CUST8017,196003.1,10,37.0,0,High Value
CUST8023,101845.28,4,50.0,1,Low Value
CUST8036,22254.12,2,44.0,1,Low Value
CUST8039,170899.98,6,55.0,1,Low Value
CUST8049,130165.29,9,37.0,0,High Value
CUST8053,461478.98,11,55.5,0,High Value
CUST8058,146255.58,6,60.0,1,Low Value
CUST8065,89054.9,10,53.0,1,Low Value
CUST8067,261456.84,6,47.0,0,High Value
CUST8075,38212.75,5,62.0,1,Low Value
CUST8098,107775.6,5,26.0,2,Medium Value
CUST8105,107665.89,3,52.0,1,Low Value
CUST8110,103074.8,10,54.0,0,High Value
CUST8124,87386.72,2,33.0,2,Medium Value
CUST8128,17070.85,5,48.0,1,Low Value
CUST8154,425608.74,9,47.0,0,High Value
CUST8164,309378.72,8,34.0,0,High Value
CUST8195,3727.43,1,52.0,1,Low Value
CUST8199,10864.96,4,64.0,1,Low Value
CUST8200,97801.84,8,22.0,2,Medium Value
CUST8211,411726.33,9,19.0,0,High Value
CUST8217,68529.18,3,43.0,1,Low Value
CUST8225,311660.72,8,64.0,0,High Value
CUST8229,129289.55,5,32.0,2,Medium Value
CUST8242,235460.7,6,51.0,0,High Value
CUST8268,115132.52,4,47.0,1,Low Value
CUST8269,93549.04,8,34.0,2,Medium Value
CUST8294,199506.68,4,30.0,2,Medium Value
CUST8298,429431.7,10,45.0,0,High Value
CUST8300,14491.62,9,44.0,1,Low Value
CUST8311,45048.9,10,32.0,2,Medium Value
CUST8314,73387.62,3,28.0,2,Medium Value
CUST8316,369482.04,9,63.0,0,High Value
CUST8318,6050.27,1,29.0,2,Medium Value
CUST8319,99371.28,2,44.0,1,Low Value
CUST8322,242974.8,10,28.0,0,High Value
CUST8325,324318.12,7,62.0,0,High Value
CUST8338,188413.61,7,38.0,0,High Value
CUST8346,439609.5,9,30.0,0,High Value
CUST8347,12255.87,1,55.0,1,Low Value
CUST8352,210254.64,8,44.0,0,High Value
CUST8364,85364.44,7,21.0,2,Medium Value
CUST8366,299029.7,10,65.0,0,High Value
CUST8381,473144.2,10,40.0,0,High Value
CUST8387,154238.45,5,48.0,1,Low Value
CUST8390,285282.83,7,47.0,0,High Value
CUST8399,97826.15,5,40.0,2,Medium Value
CUST8408,122496.24,6,51.0,1,Low Value
CUST8425,100147.38,3,47.0,1,Low Value
CUST8430,17766.9,2,45.0,1,Low Value
CUST8431,220973.34,7,28.0,2,Medium Value
CUST8453,101689.05,3,53.0,1,Low Value
CUST8455,95992.04,2,37.0,2,Medium Value
CUST8466,47743.08,1,43.0,1,Low Value
CUST8467,8582.49,3,23.0,2,Medium Value
CUST8502,14756.18,1,47.0,1,Low Value
CUST8513,228955.74,6,49.0,0,High Value
CUST8515,236398.82,7,22.0,2,Medium Value
CUST8525,85329.0,10,40.0,0,High Value
CUST8532,69756.24,3,43.0,1,Low Value
CUST8537,39400.4,8,50.0,1,Low Value
CUST8575,38929.37,1,21.0,2,Medium Value
CUST8578,6910.12,2,48.0,1,Low Value
CUST8583,35903.14,7,37.0,2,Medium Value
CUST8595,18229.0,1,44.0,1,Low Value
CUST8600,10884.12,2,42.0,1,Low Value
CUST8623,407455.5,10,32.0,0,High Value
CUST8649,420808.14,9,30.0,0,High Value
CUST8650,78828.6,6,23.0,2,Medium Value
CUST8657,444016.4,10,58.0,0,High Value
CUST8660,203722.48,8,42.0,0,High Value
CUST8686,175530.12,6,56.0,1,Low Value
CUST8691,82110.87,9,27.0,2,Medium Value
CUST8700,125182.65,5,35.0,2,Medium Value
CUST8704,107664.42,6,20.0,2,Medium Value
CUST8708,458065.57000000007,16,55.0,0,High Value
CUST8722,196134.84,9,21.0,2,Medium Value
CUST8729,163132.56,4,48.0,1,Low Value
CUST8754,173173.12,8,28.0,2,Medium Value
CUST8759,22534.47,1,64.0,1,Low Value
CUST8766,235105.5,5,47.0,1,Low Value
CUST8789,26647.6,2,52.0,1,Low Value
CUST8811,44708.5,1,50.0,1,Low Value
CUST8813,350597.34,9,54.0,0,High Value
CUST8820,294353.64,6,39.0,0,High Value
CUST8826,154420.0,7,20.0,2,Medium Value
CUST8834,73262.46,2,61.0,1,Low Value
CUST8841,174065.2,10,36.0,0,High Value
CUST8849,181093.04,4,19.0,2,Medium Value
CUST8851,3753.78,2,64.0,1,Low Value
CUST8859,141013.88,7,,2,Medium Value
CUST8871,113857.04,4,43.0,1,Low Value
CUST8877,60403.62,2,23.0,2,Medium Value
CUST8887,299928.48,8,62.0,0,High Value
CUST8899,153670.14,9,30.0,2,Medium Value
CUST8904,63886.38,2,28.0,2,Medium Value
CUST8907,288940.95,9,47.0,0,High Value
CUST8908,2344.98,1,65.0,1,Low Value
CUST8947,146639.61,3,65.0,1,Low Value
CUST8962,254006.73,9,30.0,0,High Value
CUST8975,191586.8,4,36.0,2,Medium Value
CUST8996,126134.07,3,59.0,1,Low Value
CUST9008,125266.25,5,54.0,1,Low Value
CUST9009,76855.26,3,43.0,1,Low Value
CUST9017,109163.28,8,26.0,2,Medium Value
CUST9022,91224.84,4,49.0,1,Low Value
CUST9027,25767.92,8,43.0,1,Low Value
CUST9042,64916.12,2,31.0,2,Medium Value
CUST9047,325228.19,7,42.0,0,High Value
CUST9055,47870.04,1,62.0,1,Low Value
CUST9059,150907.5,9,33.0,0,High Value
CUST9081,386309.13,15,43.5,0,High Value
CUST9089,469247.1,20,37.0,0,High Value
CUST9092,37930.19,1,64.0,1,Low Value
CUST9097,64336.72,2,26.0,2,Medium Value
CUST9104,91718.44,4,37.0,2,Medium Value
CUST9111,153103.75,5,61.0,1,Low Value
CUST9113,191143.08,6,61.0,1,Low Value
CUST9123,270574.5,6,27.0,2,Medium Value
CUST9125,47927.36,1,21.0,2,Medium Value
CUST9131,372913.47,9,38.0,0,High Value
CUST9132,310471.04,8,21.0,0,High Value
CUST9158,22073.28,4,61.0,1,Low Value
CUST9159,208852.56,6,40.0,0,High Value
CUST9175,212252.94,9,36.0,0,High Value
CUST9181,2892.4,7,24.0,2,Medium Value
CUST9191,153373.8,6,38.0,2,Medium Value
CUST9203,27936.6,6,33.0,2,Medium Value
CUST9209,280214.68000000005,11,35.0,0,High Value
CUST9217,22073.4,4,39.0,2,Medium Value
CUST9219,131685.75,5,30.0,2,Medium Value
CUST9233,363317.5,10,35.0,0,High Value
CUST9248,106419.88,7,51.0,1,Low Value
CUST9253,215803.3,10,50.0,0,High Value
CUST9259,70840.92,2,30.0,2,Medium Value
CUST9273,143245.35,3,32.0,2,Medium Value
CUST9282,70625.7,10,58.0,1,Low Value
CUST9284,19210.3,5,44.0,1,Low Value
CUST9285,223298.32,7,49.0,0,High Value
CUST9287,163555.53999999998,7,42.0,0,High Value
CUST9292,128637.6,8,33.0,2,Medium Value
CUST9297,203724.09,9,27.0,0,High Value
CUST9299,215004.9,6,62.0,1,Low Value
CUST9303,376981.83,9,44.0,0,High Value
CUST9304,64664.54,2,38.0,2,Medium Value
CUST9307,390387.42,14,36.5,0,High Value
CUST9319,36805.55,5,54.0,1,Low Value
CUST9324,12494.97,1,61.0,1,Low Value
CUST9325,87780.4,5,44.0,1,Low Value
CUST9339,245737.05,5,55.0,1,Low Value
CUST9351,398903.76,9,36.0,0,High Value
CUST9354,42782.38,2,46.0,1,Low Value
CUST9364,99559.14,3,62.0,1,Low Value
CUST9379,9009.36,1,38.0,2,Medium Value
CUST9381,441863.7,10,48.5,0,High Value
CUST9384,20626.25,1,28.0,2,Medium Value
CUST9404,70861.06,2,19.0,2,Medium Value
CUST9414,77138.4,4,61.0,1,Low Value
CUST9421,115788.23999999999,8,61.0,1,Low Value
CUST9449,23934.94,2,49.0,1,Low Value
CUST9450,112729.05,3,18.0,2,Medium Value
CUST9458,56158.259999999995,3,41.0,1,Low Value
CUST9464,45338.4,9,39.0,2,Medium Value
CUST9465,184323.94,14,50.5,0,High Value
CUST9469,232888.33,7,27.5,2,Medium Value
CUST9485,85037.6,2,57.0,1,Low Value
CUST9486,432103.32,9,29.0,0,High Value
CUST9488,58079.12,8,37.0,2,Medium Value
CUST9489,29313.46,2,61.0,1,Low Value
CUST9493,127543.5,10,35.0,0,High Value
CUST9501,25911.09,9,,2,Medium Value
CUST9510,867333.24,19,42.0,0,High Value
CUST9514,46255.26,2,28.0,2,Medium Value
CUST9515,133044.7,10,29.0,0,High Value
CUST9518,123894.12,4,22.0,2,Medium Value
CUST9543,91618.18,2,45.0,1,Low Value
CUST9544,116744.31,9,62.0,1,Low Value
CUST9551,474935.9,10,18.0,0,High Value
CUST9552,7745.85,7,30.0,2,Medium Value
CUST9557,137155.95,3,47.0,1,Low Value
CUST9562,129925.28,8,39.0,2,Medium Value
CUST9563,35133.76,8,24.0,2,Medium Value
CUST9565,174333.28,8,21.0,2,Medium Value
CUST9567,33193.9,1,38.0,2,Medium Value
CUST9577,145301.46,6,46.0,1,Low Value
CUST9612,66134.2,10,21.0,2,Medium Value
CUST9614,84656.2,10,23.0,2,Medium Value
CUST9619,3839.04,1,30.0,2,Medium Value
CUST9622,28466.49,3,35.0,2,Medium Value
CUST9627,139501.8,5,47.0,1,Low Value
CUST9628,72852.1,2,27.0,2,Medium Value
CUST9642,42454.26,3,51.0,1,Low Value
CUST9645,131738.91999999998,12,27.0,0,High Value
CUST9649,334585.35,9,58.0,0,High Value
CUST9650,17299.04,1,33.0,2,Medium Value
CUST9651,242701.7,10,60.0,0,High Value
CUST9674,106274.97,9,,0,High Value
CUST9693,511421.86,13,33.5,0,High Value
CUST9700,40148.6,2,25.0,2,Medium Value
CUST9709,378037.6,8,,0,High Value
CUST9718,91726.26,2,57.0,1,Low Value
CUST9724,156221.6,5,35.0,2,Medium Value
CUST9728,185424.32,4,45.0,1,Low Value
CUST9745,29263.26,1,27.0,2,Medium Value
CUST9754,203569.62,6,19.0,2,Medium Value
CUST9770,116929.38,6,41.0,2,Medium Value
CUST9776,34541.88,3,54.0,1,Low Value
CUST9788,138165.76,8,64.0,1,Low Value
CUST9804,226417.1,5,32.0,2,Medium Value
CUST9812,28196.26,2,20.0,2,Medium Value
CUST9817,66300.43,7,45.0,1,Low Value
CUST9840,163236.96,8,38.0,0,High Value
CUST9846,64707.84,6,58.0,1,Low Value
CUST9849,192594.75,5,53.0,1,Low Value
CUST9869,206413.15,5,40.0,2,Medium Value
CUST9871,34690.3,2,27.0,2,Medium Value
CUST9875,120557.08,4,49.0,1,Low Value
CUST9882,33198.0,6,28.0,2,Medium Value
CUST9900,97972.96,2,26.0,2,Medium Value
CUST9910,90068.24,2,18.0,2,Medium Value
CUST9927,35804.49,1,37.0,2,Medium Value
CUST9942,315539.87,11,38.0,0,High Value
CUST9945,3375.35,1,24.0,2,Medium Value
CUST9952,198199.5,10,30.0,0,High Value
CUST9953,221829.7,5,50.0,1,Low Value
CUST9957,99838.56,6,29.0,2,Medium Value
CUST9962,181783.2,10,45.0,0,High Value
CUST9966,399939.3,15,45.0,0,High Value
CUST9994,261678.42,6,49.0,0,High Value
